表题,基本信息,地区,价格
谷山乐园(一期) 2室2厅1卫,"2室2厅2卫,80O,南北向,精装修",距4号线福元大桥西地铁站步行1178m,1600元/月
兴和佳苑 1室0厅1卫,"1室1卫,121O,南北向,精装修",距1号线桂花坪地铁站步行1438m,980元/月
上海城 2室2厅1卫,"2室2厅2卫,95.60O,南向,精装修",,2200元/月
创元时代 1室1厅1卫,"1室1厅1卫,30O,南北向,精装修",距5号线板塘冲地铁站步行60m,1000元/月
长房UP年代 1室1厅1卫,"1室1厅1卫,47O,南北向,精装修",,1450元/月
嘉宇银杉 3室2厅2卫,"3室2厅3卫,109.50O,南北向,豪华装修",距4号线湘江新城地铁站步行482m,2350元/月
润和紫郡 5室2厅2卫,"5室2厅5卫,144O,南向,精装修",,2800元/月
卧龙居国际村 1室厅1卫,"1室1卫,45O,南北向,豪华装修",距3号线星沙地铁站步行1696m,600元/月
红星嘉和苑 3室 2厅2卫,"3室2厅3卫,110O,南向,精装修",,2500元/月
洞井商贸城 1室1厅1卫,"1室1厅1卫,50O,南向,精装修",,650元/月
湘华小区 1室1厅1卫,"1室1厅1卫,30O,南北向,精装修",距2号线望城坡地铁站步行961m,1000元/月
碧桂园公园壹号(别墅) 5室2厅3卫,"5室2厅5卫,218O,南北向,豪华装修",,3500元/月
保利花园 3室2厅2卫,"3室2厅3卫,100.46O,南北向,豪华装修",,3500元/月
陈家湖社区 1室1厅1卫,"1室1厅1卫,35O,南向,精装修",距1号线北辰三角洲地铁站步行594m,1150元/月
鑫天花园 4室2厅2卫,"4室2厅4卫,153O,南向",距4号线赤岗岭地铁站步行1506m,2500元/月
月桂社区 2室1厅1卫,"2室1厅2卫,50O,东北向,精装修",距5号线火炬村地铁站步行1161m,1300元/月
中华岭村 1室1厅1卫,"1室1厅1卫,45O,南向,精装修",距4号线罐子岭地铁站步行1819m,950元/月
钰龙天下 1室1厅1卫,"1室1厅1卫,48O,西向",,1800元/月
麓阳和景雅苑 1室厅1卫,"1室1卫,28O,南向,精装修",距2号线梅溪湖东地铁站步行153m,1000元/月
北辰凤凰天阶苑B1E1区 1室1厅1卫,"1室1厅1卫,30O,南向,精装修",距1号线北辰三角洲地铁站步行257m,1299元/月
卓越浅水湾 1室1厅1卫,"1室1厅1卫,50O,西南向",距2号线梅溪湖西地铁站步行1200m,2300元/月
长沙农村商业银行宿舍(纬一路) 2室1厅1卫,"2室1厅2卫,68O,南向",距2号线锦泰广场地铁站步行945m,1450元/月
建行宿舍(窑岭) 2室1厅1卫,"2室1厅2卫,66O,南向,精装修",距3号线朝阳村地铁站步行968m,1800元/月
华府一航线 3室2厅1卫,"3室2厅3卫,95O,南向,精装修",距3号线四方坪地铁站步行288m,2500元/月
金领家族 2室1厅1卫,"2室1厅2卫,55O,南向,精装修",,1500元/月
金地香樟悦府 4室 2厅2卫,"4室2厅4卫,142O,南北向,精装修",,3500元/月
诚兴园 1室 1厅1卫,"1室1厅1卫,32O,南向,精装修",,1000元/月
鑫泰科技大厦 1室1厅1卫,"1室1厅1卫,25O,南向",距3号线朝阳村地铁站步行1177m,1000元/月
朝阳二村 2室1厅1卫,"2室1厅2卫,70O,南北向,精装修",距3号线朝阳村地铁站步行652m,1500元/月
向韶村 2室2厅1卫,"2室2厅2卫,60O,南向",距2号线袁家岭地铁站步行261m,1500元/月
北辰三角洲奥城E3 1室1厅1卫,"1室1厅1卫,50O,南向,豪华装修",距1号线北辰三角洲地铁站步行687m,2700元/月
宁乡印象东城 1室1厅1卫,"1室1厅1卫,48O,南北向,精装修",,1000元/月
乾城 2室2厅1卫,"2室2厅2卫,76O,东向,精装修",距1号线涂家冲地铁站步行1571m,2600元/月
中南大学建设新村 3室1厅1卫,"3室1厅3卫,75O,南向,精装修",,2600元/月
长沙师范教工宿舍 1室1厅1卫,"1室1厅1卫,53O,西向",距1号线培元桥地铁站步行956m,1900元/月
卓越浅水湾 3室2厅2卫,"3室2厅3卫,108O,南向",距2号线梅溪湖西地铁站步行1200m,3200元/月
亚商大厦 1室1厅1卫,"1室1厅1卫,50O,南向,精装修",,1450元/月
达美溪湖湾 5室2厅2卫,"5室2厅5卫,196O,南北向",距2号线麓云路地铁站步行343m,7000元/月
东盈商业广场 2室1厅1卫,"2室1厅2卫,45O,南向,精装修",距5号线马王堆地铁站步行489m,2800元/月
水木兰庭 1室1厅1卫,"1室1厅1卫,37O,南向,精装修",,1000元/月
上海城 2室1厅1卫,"2室1厅2卫,57O,南向,豪华装修",,2100元/月
恒大雅苑 3室2厅2卫,"3室2厅3卫,126O,西向,精装修",,2000元/月
五江天街(北区) 1室1厅1卫,"1室1厅1卫,40O,南向,精装修",距5号线木桥地铁站步行418m,1500元/月
桔香苑 4室2厅2卫,"4室2厅4卫,145O,南向,精装修",距1号线涂家冲地铁站步行1907m,2400元/月
光大发展大厦 4室2厅2卫,"4室2厅4卫,144.22O,东南向,精装修",距1号线南湖路地铁站步行279m,5000元/月
明发国际城 1室厅1卫,"1室1卫,45O,南向,精装修",距4号线月亮岛西地铁站步行868m,920元/月
星城新宇川河苑 3室2厅1卫,"3室2厅3卫,100O,东向,简单装修",,5000元/月
达美美立方 1室1厅1卫,"1室1厅1卫,35O,南向,精装修",距2号线文化艺术中心地铁站步行212m,1900元/月
谋房博客 3室2厅1卫,"3室2厅3卫,100O,南向,精装修",距2号线金星路地铁站步行1799m,2700元/月
车塘河小区 2室 1厅1卫,"2室1厅2卫,70O,南向,精装修",,900元/月
麓谷锦和园 1室1厅1卫,"1室1厅1卫,40O,南向,精装修",,1150元/月
福晟钱隆世家 2室2厅1卫,"2室2厅2卫,89O,南向,精装修",,2000元/月
洞井商贸城 5室2厅2卫,"5室2厅5卫,168O,南向,精装修",,1600元/月
白沙晶城 1室1厅1卫,"1室1厅1卫,46O,西向,精装修",距3号线侯家塘地铁站步行635m,2100元/月
红星建材交易市场 2室1厅1卫,"2室1厅2卫,50O,南北向,精装修",,1000元/月
侯家塘小区 4室2厅1卫,"4室2厅4卫,106O,南向,精装修",距3号线侯家塘地铁站步行666m,2500元/月
湘江世纪城达江苑 2室1厅1卫,"2室1厅2卫,60O,南向",距1号线开福区政府地铁站步行1255m,2000元/月
和康园小区 1室厅1卫,"1室1卫,30O,南向",,900元/月
星月小区 1室0厅1卫,"1室1卫,35O,南向,精装修",距4号线罐子岭地铁站步行734m,850元/月
保利香槟国际 3室2厅1卫,"3室2厅3卫,87O,南向,毛坯",距5号线土桥地铁站步行1100m,2000元/月
鑫园小区 1室厅1卫,"1室1卫,45O,南北向,简单装修",距4号线碧沙湖地铁站步行883m,850元/月
仁和花园 1室厅1卫,"1室1卫,40O,南向",,600元/月
南家塘社区 1室1厅1卫,"1室1厅1卫,55O,东向,精装修",距2号线望城坡地铁站步行591m,1100元/月
香芙嘉园 2室2厅1卫,"2室2厅2卫,83O,南向,精装修",,1680元/月
中建木莲工社 2室1厅1卫,"2室1厅2卫,75O,东南向,精装修",,2100元/月
城西公寓 1室0厅1卫,"1室1卫,45O,南向,精装修",距2号线望城坡地铁站步行951m,1488元/月
香山国际名苑 1室1厅1卫,"1室1厅1卫,48O,南向",,900元/月
五峰国际 1室1厅1卫,"1室1厅1卫,35O,南向,精装修",距5号线大塘地铁站步行1943m,1500元/月
润和紫郡 1室0厅1卫,"1室1卫,38O,南向,简单装修",,866元/月
四方商贸城 1室1厅1卫,"1室1厅1卫,30O,南向,精装修",距3号线四方坪地铁站步行503m,700元/月
金地自在城 2室1厅1卫,"2室1厅2卫,75O,南向,简单装修",,1000元/月
新月小区 1室1厅1卫,"1室1厅1卫,40O,南向,简单装修",距4号线罐子岭地铁站步行760m,900元/月
鸿宇公馆 1室1厅1卫,"1室1厅1卫,60O,东向,精装修",,900元/月
湘粮国际 1室1厅1卫,"1室1厅1卫,54O,南向,精装修",,1200元/月
长沙市第四医院宿舍 2室1厅1卫,"2室1厅2卫,80O,南北向,精装修",距2号线煌逭虻靥站步行661m,2100元/月
火炬村二片小区 1室厅1卫,"1室1卫,35O,南北向,精装修",距5号线火炬村地铁站步行497m,900元/月
领御大厦 1室1厅1卫,"1室1厅1卫,53O,南向,精装修",距1号线培元桥地铁站步行352m,2000元/月
中建梅溪湖中心 3室2厅1卫,"3室2厅3卫,120O,南向,精装修",,2988元/月
恒大御景半岛(三期) 3室2厅2卫,"3室2厅3卫,145O,南向,精装修",距1号线开福区政府地铁站步行533m,2998元/月
凯通国际城 3室1厅1卫,"3室1厅3卫,80O,南向",距3号线朝阳村地铁站步行383m,2500元/月
君合新城玺樾 2室1厅1卫,"2室1厅2卫,54.31O,南向,精装修",,1600元/月
韵景商居 2室1厅1卫,"2室1厅2卫,72O,南向,简单装修",距1号线开福寺地铁站步行828m,1500元/月
兰亭湾畔(一期) 1室0厅1卫,"1室1卫,55O,南向,精装修",距3号线洋湖新城地铁站步行1848m,910元/月
华悦城1-2栋 2室1厅1卫,"2室1厅2卫,60O,北向,精装修",,1650元/月
红星村井湾子组 1室厅1卫,"1室1卫,32O,东向,简单装修",,650元/月
恩瑞麓山名园 2室1厅1卫,"2室1厅2卫,65O,南向,精装修",距2号线金星路地铁站步行475m,1850元/月
银园公寓(芙蓉) 2室2厅1卫,"2室2厅2卫,100O,东北向,精装修",距2号线袁家岭地铁站步行1317m,2800元/月
香山锦苑 1室1厅1卫,"1室1厅1卫,36.25O,南向,精装修",,900元/月
中房F联邦 3室2厅2卫,"3室2厅3卫,130O,东向",距2号线麓云路地铁站步行1762m,3200元/月
克拉美丽山庄 2室2厅1卫,"2室2厅2卫,87O,南向,精装修",,2050元/月
长城华都 1室1厅1卫,"1室1厅1卫,38O,北向",距1号线铁道学院地铁站步行1385m,1500元/月
阳光晶城 3室2厅3卫,"3室2厅3卫,93O,南北向,精装修",,2100元/月
利海米兰春天 1室厅1卫,"1室1卫,35O,南向",,1000元/月
桃花村瓜瓢山一组自建房 1室 0厅1卫,"1室1卫,15O,南北向,简单装修",,380元/月
名富公寓 2室1厅1卫,"2室1厅2卫,70O,南北向",距1号线开福寺地铁站步行1070m,2500元/月
创元时代 3室2厅2卫,"3室2厅3卫,115O,东向,精装修",距5号线板塘冲地铁站步行60m,3200元/月
望兴嘉年华 2室1厅1卫,"2室1厅2卫,84O,南向,精装修",距2号线梅溪湖东地铁站步行1329m,2200元/月
阳光锦城 3室2厅2卫,"3室2厅3卫,113O,南北向,精装修",距4号线砂子塘地铁站步行1653m,3300元/月
楚天家园 3室2厅2卫,"3室2厅3卫,115O,南向,精装修",距3号线星沙地铁站步行939m,1800元/月
建湘新村 2室1厅1卫,"2室1厅2卫,66.25O,南向,简单装修",,1100元/月
润和紫郡 1室1厅1卫,"1室1厅1卫,43.50O,东向",,1300元/月
星城新宇颐景苑 1室1厅1卫,"1室1厅1卫,50O,南向",距4号线树木岭地铁站步行864m,1600元/月
天麓尚层(二期) 3室1厅1卫,"3室1厅3卫,92O,南向,精装修",,2400元/月
明发国际城 1室1厅1卫,"1室1厅1卫,30O,南向,精装修",距4号线月亮岛西地铁站步行868m,999元/月
桔园七片 2室1厅1卫,"2室1厅2卫,56O,南向,简单装修",距4号线赤岗岭地铁站步行1533m,1600元/月
香樟景苑 1室1厅1卫,"1室1厅1卫,128O,东向,精装修",距5号线雨花区政府地铁站步行1399m,1200元/月
恬居 3室2厅2卫,"3室2厅3卫,133O,南北向,简单装修",距1号线文昌阁地铁站步行694m,3200元/月
博雅例外 1室1厅1卫,"1室1厅1卫,45O,南向",距3号线星沙地铁站步行658m,1800元/月
中海国际社区(二期) 1室1厅1卫,"1室1厅1卫,37O,南向",距3号线阳光地铁站步行1809m,1300元/月
中源凝香华都 3室1厅1卫,"3室1厅3卫,107O,南向,精装修",,2300元/月
东方银座 1室1厅1卫,"1室1厅1卫,40O,南向,精装修",距2号线锦泰广场地铁站步行1123m,1380元/月
岳麓恒大华府 3室2厅1卫,"3室2厅3卫,92O,南北向,精装修",,2288元/月
江山帝景雅典 1室1厅1卫,"1室1厅1卫,45O,西南向,精装修",,1680元/月
世茂铂翠湾(二期) 3室2厅1卫,"3室2厅3卫,115O,南向,精装修",距4号线观沙岭地铁站步行750m,2800元/月
五一小区 1室厅1卫,"1室1卫,25O,南向,简单装修",距3号线朝阳村地铁站步行1237m,700元/月
体育新城 2室1厅1卫,"2室1厅2卫,70O,南向,精装修",,2600元/月
才子佳苑一区 3室1厅1卫,"3室1厅3卫,94O,南向",距3号线丝茅冲地铁站步行972m,2300元/月
天健城 3室1厅2卫,"3室1厅3卫,140O,南北向,精装修",距1号线开福寺地铁站步行790m,4000元/月
诚兴园 2室1厅1卫,"2室1厅2卫,65O,南向,精装修",,1700元/月
北辰三角洲奥城E3 1室1厅1卫,"1室1厅1卫,53O,南向,精装修",距1号线北辰三角洲地铁站步行687m,2500元/月
文庙坪小区 1室1厅1卫,"1室1厅1卫,45O,南向,精装修",距1号线南门口地铁站步行440m,1100元/月
恒基凯旋门(一二期) 3室2厅2卫,"3室2厅3卫,128O,南北向,精装修",距3号线松雅湖（南）地铁站步行478m,2600元/月
万科金色家园 1室1厅1卫,"1室1厅1卫,43.50O,东南向,精装修",距1号线铁道学院地铁站步行1692m,1450元/月
坤隆商业街小区 1室厅1卫,"1室1卫,30O,南北向,精装修",,600元/月
山水印象 3室2厅1卫,"3室2厅3卫,106O,南北向,精装修",,1600元/月
兰亭湾畔(一期) 1室0厅1卫,"1室1卫,55O,南向,精装修",距3号线洋湖新城地铁站步行1848m,920元/月
天晟海拔东方 3室1厅1卫,"3室1厅3卫,97.26O,南向,精装修",距5号线大塘地铁站步行1268m,2400元/月
涧塘小区 1室1厅1卫,"1室1厅1卫,35O,南向,精装修",距2号线望城坡地铁站步行1146m,850元/月
新华联梦想城 1室0厅1卫,"1室1卫,39O,南向,简单装修",,800元/月
中国铝业长沙有色院窑岭小区 2室1厅1卫,"2室1厅2卫,80O,南向,简单装修",距2号线袁家岭地铁站步行1292m,1900元/月
罗马国际公寓 1室1厅1卫,"1室1厅1卫,47O,南向,精装修",距2号线麓云路地铁站步行1646m,1700元/月
长沙县审计局宿舍 3室2厅1卫,"3室2厅3卫,130O,东向,精装修",距3号线星沙地铁站步行1504m,1900元/月
高岭小区 2室1厅1卫,"2室1厅2卫,66O,南向,精装修",距2号线人民东路地铁站步行891m,1300元/月
生活艺术城 1室1厅1卫,"1室1厅1卫,40O,南向,精装修",距1号线桂花坪地铁站步行359m,850元/月
铂宫家园 1室厅1卫,"1室1卫,40O,南向,豪华装修",距1号线培元桥地铁站步行752m,2200元/月
桔园七片 3室1厅1卫,"3室1厅3卫,90O,南向",距4号线赤岗岭地铁站步行1533m,1700元/月
长远华樟名府 1室0厅1卫,"1室1卫,34O,南向,精装修",距5号线芙蓉区政府地铁站步行358m,1300元/月
润和又一城一期 3室2厅1卫,"3室2厅3卫,95O,南北向",距4号线月亮岛西地铁站步行1629m,2000元/月
星澜之悦(望城) 1室厅1卫,"1室1卫,39O,南向",距4号线罐子岭地铁站步行1276m,710元/月
长沙市新河 2室1厅1卫,"2室1厅2卫,65O,南向",,1300元/月
明N壹城 1室厅1卫,"1室1卫,38O,南向,精装修",距4号线粟塘地铁站步行354m,1000元/月
桔园小区 2室1厅1卫,"2室1厅2卫,75O,南向,简单装修",距4号线砂子塘地铁站步行1597m,1300元/月
发动机厂宿舍(岳麓) 2室1厅1卫,"2室1厅2卫,72O,南向,简单装修",距4号线望月湖地铁站步行1624m,1500元/月
松雅小区 2室2厅1卫,"2室2厅2卫,90O,南向",距3号线星沙文体中心地铁站步行1016m,1400元/月
亚商大厦 1室1厅1卫,"1室1厅1卫,45O,南向",,1550元/月
银力家园 1室1厅1卫,"1室1厅1卫,40O,南北向,精装修",距2号线万家丽广场地铁站步行484m,1280元/月
湘江重建地 1室1厅1卫,"1室1厅1卫,35O,南向,精装修",距4号线湘江新城地铁站步行427m,750元/月
天翼花园 1室厅1卫,"1室1卫,30O,南向,精装修",距4号线圭塘地铁站步行610m,850元/月
鹏程世家 1室1厅1卫,"1室1厅1卫,57O,北向,精装修",距2号线迎宾路口地铁站步行936m,2500元/月
长坡社区 3室1厅1卫,"3室1厅3卫,90O,南北向,精装修",距1号线南湖路地铁站步行775m,2000元/月
西韵佳苑 1室0厅1卫,"1室1卫,40O,东向",距4号线六沟垅地铁站步行1962m,1300元/月
明发国际城 1室0厅1卫,"1室1卫,50O,南向,精装修",距4号线月亮岛西地铁站步行868m,1050元/月
书香名邸 2室1厅1卫,"2室1厅2卫,80O,南向,精装修",距3号线阿弥岭地铁站步行382m,2300元/月
金科美邻汇 1室1厅1卫,"1室1厅1卫,45O,南向",,1500元/月
万达公馆 4室2厅4卫,"4室2厅4卫,232O,南向",距2号线湘江中路地铁站步行343m,11000元/月
王家冲社区 2室1厅1卫,"2室1厅2卫,60O,西向,精装修",距4号线砂子塘地铁站步行1286m,1200元/月
绿地新都会 1室0厅1卫,"1室1卫,50O,南向,精装修",,900元/月
利海米兰春天 1室1厅1卫,"1室1厅1卫,48O,南北向,精装修",,1000元/月
天鸿天府 2室1厅1卫,"2室1厅2卫,70O,南向,精装修",距1号线铁道学院地铁站步行1156m,2300元/月
月雅苑 2室2厅1卫,"2室2厅2卫,100O,南向,精装修",距5号线大塘地铁站步行1531m,1800元/月
新合四村 1室0厅1卫,"1室1卫,30O,南向",距2号线万家丽广场地铁站步行775m,750元/月
湖南省进出口公司宿舍 3室1厅1卫,"3室1厅3卫,71O,南向,简单装修",距2号线锦泰广场地铁站步行704m,1480元/月
西子湖畔沃府 4室2厅2卫,"4室2厅4卫,134O,南向,精装修",距2号线金星路地铁站步行1245m,3300元/月
金科世界城 3室2厅1卫,"3室2厅3卫,105O,南向,精装修",,2400元/月
长房时代天地 1室1厅1卫,"1室1厅1卫,30O,南向",距2号线望城坡地铁站步行1504m,1000元/月
金帆小区 1室厅1卫,"1室1卫,30O,南向,简单装修",距3号线雅雀湖地铁站步行850m,1000元/月
半山壹号 3室1厅1卫,"3室1厅3卫,100O,南向,精装修",距4号线沙湾公园地铁站步行540m,3200元/月
清溪川9号 2室1厅1卫,"2室1厅2卫,90O,南向,精装修",距5号线大塘地铁站步行820m,2100元/月
融科东南海 1室1厅1卫,"1室1厅1卫,33O,南向,简单装修",距5号线木桥地铁站步行1534m,1350元/月
和庄(二期) 3室1厅1卫,"3室1厅3卫,88O,南向,精装修",距1号线铁道学院地铁站步行1283m,2700元/月
紫金公馆 3室2厅2卫,"3室2厅3卫,147O,南向,精装修",,2200元/月
窑塘新村 3室2厅1卫,"3室2厅3卫,113O,南向,精装修",,2000元/月
恒大雅苑 3室2厅1卫,"3室2厅3卫,90O,南向",,2500元/月
丽都桃源 1室1厅1卫,"1室1厅1卫,49O,北向,精装修",,1200元/月
桂花二村 2室1厅1卫,"2室1厅2卫,80O,南向,精装修",距3号线桂花公园地铁站步行508m,1600元/月
洋湖和园 3室2厅2卫,"3室2厅3卫,120O,南向,精装修",距3号线洋湖湿地地铁站步行826m,2800元/月
咸嘉新村嘉文苑 3室2厅1卫,"3室2厅3卫,110O,南北向,精装修",距2号线金星路地铁站步行1916m,2000元/月
新合四村 2室厅1卫,"2室2卫,50O,南北向,简单装修",距2号线万家丽广场地铁站步行775m,1200元/月
洋海塘小区 1室1厅1卫,"1室1厅1卫,38O,南向,精装修",,999元/月
景湾小区 3室2厅2卫,"3室2厅3卫,120O,南向,精装修",,2000元/月
尚都美寓 1室1厅1卫,"1室1厅1卫,35O,南向,精装修",,1150元/月
桃花岭小区 8室2厅2卫,"8室2厅8卫,500O,南向",,5999元/月
星语林名园 4室2厅2卫,"4室2厅4卫,152O,南北向,简单装修",,2950元/月
滨河嘉园 2室1厅1卫,"2室1厅2卫,84O,南向",距3号线雅雀湖地铁站步行1988m,2699元/月
合能洋湖公馆 2室1厅1卫,"2室1厅2卫,65O,南向,精装修",距3号线洋湖新城地铁站步行502m,1900元/月
蓝光雍锦阁 1室1厅1卫,"1室1厅1卫,40O,南向,精装修",距4号线望月湖地铁站步行1476m,1650元/月
洪家村富家冲组自建房 9室4厅9卫,"9室4厅9卫,900O,南北向,精装修",,10000元/月
金科世界城 1室1厅1卫,"1室1厅1卫,65O,南向",,1300元/月
北辰三角洲奥城D2 4室2厅2卫,"4室2厅4卫,180O,南向",距1号线北辰三角洲地铁站步行498m,8500元/月
阳光城尚东湾 3室2厅2卫,"3室2厅3卫,126O,南向,精装修",,1950元/月
合能雨花公馆 3室1厅2卫,"3室1厅3卫,90O,南向,精装修",距2号线长沙大道地铁站步行247m,3000元/月
万科金域华府(三期) 4室2厅2卫,"4室2厅4卫,127O,南向",距5号线木桥地铁站步行1329m,3600元/月
鑫远悦城 1室1厅1卫,"1室1厅1卫,45O,南向,豪华装修",距1号线大托地铁站步行829m,1600元/月
上海城 1室1厅1卫,"1室1厅1卫,53O,南向,精装修",,1600元/月
诚兴园 1室 1厅1卫,"1室1厅1卫,32O,南向,精装修",,1000元/月
兰亭湾畔(一期) 1室0厅1卫,"1室1卫,55O,南向,精装修",距3号线洋湖新城地铁站步行1848m,910元/月
四季星城 2室1厅1卫,"2室1厅2卫,80O,东向",距5号线土桥地铁站步行704m,1600元/月
绿地香树花城 3室2厅1卫,"3室2厅3卫,88O,南向,精装修",,1700元/月
江南华府 3室2厅1卫,"3室2厅3卫,99O,南向,精装修",距1号线铁道学院地铁站步行1699m,2600元/月
新雅联丰苑 1室厅1卫,"1室1卫,30O,东向,精装修",,850元/月
勤诚达新界 1室0厅1卫,"1室1卫,50O,南向,精装修",距4号线罐子岭地铁站步行522m,900元/月
勤诚达境界城 1室0厅1卫,"1室1卫,39O,南向,简单装修",距4号线罐子岭地铁站步行510m,850元/月
阿普阿布 3室2厅2卫,"3室2厅3卫,108O,南向,精装修",距2号线金星路地铁站步行918m,2700元/月
梅溪青秀(二期) 1室厅1卫,"1室1卫,100O,南向,精装修",距2号线梅溪湖西地铁站步行860m,890元/月
生活艺术城 1室1厅1卫,"1室1厅1卫,40O,南向,精装修",距1号线桂花坪地铁站步行359m,780元/月
望月湖文明小区 1室1厅1卫,"1室1厅1卫,60O,东向,精装修",距4号线望月湖地铁站步行169m,1400元/月
恒大文化旅游城 2室2厅1卫,"2室2厅2卫,77O,南向,精装修",,1800元/月
胜利社区南片安置区 1室1厅1卫,"1室1厅1卫,30O,南向",距3号线丝茅冲地铁站步行1359m,700元/月
咸嘉花园 1室1厅1卫,"1室1厅1卫,35O,南向,精装修",,1000元/月
兰亭湾畔(一期) 1室0厅1卫,"1室1卫,50O,南向,精装修",距3号线洋湖新城地铁站步行1848m,930元/月
长燃新奥佳园 4室2厅2卫,"4室2厅4卫,135O,南北向,精装修",距4号线罐子岭地铁站步行638m,2200元/月
新合四村 1室厅1卫,"1室1卫,30O,南北向,简单装修",距2号线万家丽广场地铁站步行775m,750元/月
上海城 1室1厅1卫,"1室1厅1卫,57O,南向,豪华装修",,1800元/月
惠天然梅岭国际 3室2厅1卫,"3室2厅3卫,95O,南向,精装修",距2号线梅溪湖西地铁站步行1235m,2600元/月
华盛世纪新城 4室2厅2卫,"4室2厅4卫,145O,南北向,精装修",,2800元/月
金色比华利 3室 2厅2卫,"3室2厅3卫,136O,北向,精装修",距5号线马栏山地铁站步行1626m,2600元/月
五星龙塘小区 1室0厅1卫,"1室1卫,30O,南向,简单装修",距3号线阳光地铁站步行1390m,850元/月
联美品格 2室1厅1卫,"2室1厅2卫,88O,南向,精装修",,2200元/月
山水湾 1室0厅1卫,"1室1卫,38.80O,南向",距5号线土桥地铁站步行762m,1180元/月
湖南省进出口公司宿舍 2室2厅1卫,"2室2厅2卫,65O,东向,精装修",距2号线锦泰广场地铁站步行704m,2000元/月
九峰远见 1室1厅1卫,"1室1厅1卫,55O,南向,精装修",距1号线桂花坪地铁站步行1602m,1600元/月
岳麓恒大华府 3室2厅1卫,"3室2厅3卫,90O,南向,精装修",,2400元/月
新城景苑 1室厅1卫,"1室1卫,48O,南向,精装修",,700元/月
山语城(三期) 3室2厅2卫,"3室2厅3卫,112O,南向",,1500元/月
星澜之悦(望城) 1室0厅1卫,"1室1卫,38O,南向,简单装修",距4号线罐子岭地铁站步行1276m,780元/月
水墨林溪 3室2厅2卫,"3室2厅3卫,135O,南向",距1号线铁道学院地铁站步行1822m,2730元/月
威尔士春天 2室2厅1卫,"2室2厅2卫,90O,南向,精装修",距5号线鸭子铺地铁站步行1178m,2080元/月
东方公寓 1室1厅1卫,"1室1厅1卫,52O,南向,精装修",距3号线朝阳村地铁站步行293m,1500元/月
盛世路10号安置小区 1室0厅1卫,"1室1卫,30O,北向",距1号线马厂地铁站步行1197m,950元/月
卧龙居国际村 1室厅1卫,"1室1卫,45O,南北向,精装修",距3号线星沙地铁站步行1696m,750元/月
中海国际社区(二期) 3室2厅1卫,"3室2厅3卫,105O,南向,精装修",距3号线阳光地铁站步行1809m,2300元/月
新地东方明珠(一二期) 2室2厅1卫,"2室2厅2卫,101O,南北向,精装修",距4号线湘江新城地铁站步行1592m,1850元/月
泉星物流园 1室厅1卫,"1室1卫,30O,南向,精装修",,500元/月
长沙市开福区教师村 1室1厅1卫,"1室1厅1卫,60O,南北向,精装修",距3号线雅雀湖地铁站步行1264m,1200元/月
东盈商业广场 1室1厅1卫,"1室1厅1卫,35O,东西向,精装修",距5号线马王堆地铁站步行489m,1900元/月
万科金域华府(三期) 3室2厅2卫,"3室2厅3卫,125O,南向",距5号线木桥地铁站步行1329m,3200元/月
科技宿舍 4室1厅2卫,"4室1厅4卫,91O,南向,精装修",距2号线袁家岭地铁站步行872m,2500元/月
长沙市开福区教师村 1室1厅1卫,"1室1厅1卫,60O,南北向,精装修",距3号线雅雀湖地铁站步行1264m,1200元/月
景塘家园 3室2厅1卫,"3室2厅3卫,90O,南向,精装修",距5号线木桥地铁站步行1462m,2400元/月
华菱蓝调国际 2室1厅2卫,"2室1厅2卫,120O,南向",距1号线涂家冲地铁站步行654m,2400元/月
恒大华府(浏阳) 3室1厅2卫,"3室1厅3卫,130O,南向,精装修",,1800元/月
金帆小区 1室1厅1卫,"1室1厅1卫,50O,南向,精装修",距3号线雅雀湖地铁站步行850m,1000元/月
乾城 3室2厅2卫,"3室2厅3卫,120O,南向,豪华装修",距1号线涂家冲地铁站步行1571m,3900元/月
万科金色家园 1室1厅1卫,"1室1厅1卫,45O,南北向,精装修",距1号线铁道学院地铁站步行1692m,1650元/月
时代先锋 1室1厅1卫,"1室1厅1卫,40O,西南向,简单装修",距3号线雅雀湖地铁站步行652m,1300元/月
卓越浅水湾 4室2厅2卫,"4室2厅4卫,130O,南向,精装修",距2号线梅溪湖西地铁站步行1200m,3000元/月
宇成朝阳广场 1室厅1卫,"1室1卫,40O,南向",距3号线朝阳村地铁站步行206m,1800元/月
丽发新城 2室1厅1卫,"2室1厅2卫,81O,南向,精装修",,1700元/月
滨河嘉园 2室2厅1卫,"2室2厅2卫,80O,南向,豪华装修",距3号线雅雀湖地铁站步行1988m,2699元/月
新星小区 2室3厅2卫,"2室3厅2卫,140O,南向,精装修",距5号线雨花区政府地铁站步行1294m,1880元/月
天麓小区五期 3室2厅1卫,"3室2厅3卫,95O,南向,精装修",,2400元/月
丽发新城 2室1厅1卫,"2室1厅2卫,81O,南向,精装修",,1700元/月
未来城 1室1厅1卫,"1室1厅1卫,48O,南北向,精装修",距2号线望城坡地铁站步行1637m,1650元/月
华润橡树湾 3室2厅1卫,"3室2厅3卫,104O,南向,精装修",,2300元/月
铂宫家园 1室1厅1卫,"1室1厅1卫,62O,南北向,精装修",距1号线培元桥地铁站步行752m,2200元/月
勤诚达境界城 4室2厅2卫,"4室2厅4卫,126O,南向,精装修",距4号线罐子岭地铁站步行510m,2300元/月
利海米兰春天 1室1厅1卫,"1室1厅1卫,42O,西南向,精装修",,1100元/月
V领寓 1室1厅1卫,"1室1厅1卫,45O,北向,精装修",距5号线雨花区政府地铁站步行1126m,1750元/月
西子一间 1室1厅1卫,"1室1厅1卫,47.58O,南向,精装修",距5号线芙蓉区政府地铁站步行426m,1900元/月
新雅联丰苑 1室1厅1卫,"1室1厅1卫,45O,南向,精装修",,1300元/月
恒基凯旋门(三期) 3室2厅2卫,"3室2厅3卫,139O,南向",距3号线松雅湖（南）地铁站步行769m,3200元/月
润和又一城二期 1室厅1卫,"1室1卫,30O,南向,精装修",距4号线月亮岛西地铁站步行1960m,899元/月
绿地新都会 2室2厅1卫,"2室2厅2卫,80O,南向",,1800元/月
雨花吾悦广场 3室2厅2卫,"3室2厅3卫,110O,南向,精装修",距4号线粟塘地铁站步行701m,3000元/月
中华岭村 1室1厅1卫,"1室1厅1卫,45O,南向,精装修",距4号线罐子岭地铁站步行1819m,950元/月
北辰三角洲奥城C2 3室 2厅1卫,"3室2厅3卫,104O,南向,精装修",距1号线北辰三角洲地铁站步行374m,3300元/月
融科东南海 1室1厅1卫,"1室1厅1卫,38O,南向,精装修",距5号线木桥地铁站步行1534m,1550元/月
乾城 1室0厅1卫,"1室1卫,42O,南向",距1号线涂家冲地铁站步行1571m,1500元/月
学府星城 2室1厅1卫,"2室1厅2卫,80O,南向",,1600元/月
泰龙华府 2室2厅2卫,"2室2厅2卫,45O,东西向,精装修",,1800元/月
湘江世纪城咏江苑 1室0厅1卫,"1室1卫,109O,南向,精装修",距1号线开福区政府地铁站步行795m,899元/月
星澜之悦(望城) 1室厅1卫,"1室1卫,35O,南向,精装修",距4号线罐子岭地铁站步行1276m,850元/月
小龚湾小区 1室0厅1卫,"1室1卫,35O,南向,精装修",,1100元/月
阿普阿布 3室2厅1卫,"3室2厅3卫,100O,南向,豪华装修",距2号线金星路地铁站步行918m,2700元/月
华润橡树湾 3室2厅1卫,"3室2厅3卫,108O,南向,豪华装修",,2300元/月
早谷塘小区 1室厅1卫,"1室1卫,33O,南向,精装修",距2号线金星路地铁站步行866m,750元/月
涉外国际公馆 3室2厅2卫,"3室2厅3卫,120O,南向,精装修",距2号线麓云路地铁站步行1870m,3000元/月
利海米兰春天 3室2厅2卫,"3室2厅3卫,140O,南向,精装修",,3500元/月
星沙四区 1室0厅1卫,"1室1卫,45O,南北向,精装修",距3号线星沙地铁站步行1322m,650元/月
马王堆汽车汽配城 2室1厅1卫,"2室1厅2卫,62O,南向,精装修",距5号线马王堆地铁站步行671m,1450元/月
鑫远悦城 1室0厅1卫,"1室1卫,107O,南向,精装修",距1号线大托地铁站步行829m,559元/月
长丰星城 3室2厅1卫,"3室2厅3卫,90O,南向,精装修",距5号线土桥地铁站步行1828m,1500元/月
蝴蝶谷 1室1厅1卫,"1室1厅1卫,46O,东南向,精装修",,1150元/月
兴邦花城 2室1厅1卫,"2室1厅2卫,81O,南向",,1400元/月
惠天然梅岭国际 1室0厅1卫,"1室1卫,109O,南向,精装修",距2号线梅溪湖西地铁站步行1235m,859元/月
名都凯旋城 3室1厅1卫,"3室1厅3卫,91O,南向",距3号线桂花公园地铁站步行1241m,2200元/月
椰林公寓 2室1厅1卫,"2室1厅2卫,90O,南向,简单装修",距5号线火炬村地铁站步行1596m,1500元/月
电力宾馆宿舍 2室1厅1卫,"2室1厅2卫,70O,南向,精装修",距3号线桂花公园地铁站步行577m,1400元/月
信和苑1区 1室厅1卫,"1室1卫,30O,南向",,850元/月
五江天街(北区) 1室 1厅1卫,"1室1厅1卫,40O,南向,精装修",距5号线木桥地铁站步行418m,1500元/月
高桥老二号小区 2室1厅1卫,"2室1厅2卫,80O,南向,简单装修",距5号线高桥南地铁站步行608m,1200元/月
向家湾小区 2室2厅1卫,"2室2厅2卫,80O,南北向,精装修",,1400元/月
欧洲城 1室0厅1卫,"1室1卫,109O,南向,精装修",距1号线省政府地铁站步行1157m,998元/月
锦湘国际锦绣苑 1室1厅1卫,"1室1厅1卫,57O,南向",距5号线高桥北地铁站步行476m,1600元/月
桥头家苑 1室1厅1卫,"1室1厅1卫,45O,南向,精装修",,1200元/月
国泰九龙湾 5室1厅1卫,"5室1厅5卫,135O,南向,豪华装修",距3号线松雅湖（南）地铁站步行1511m,988元/月
新城新世界 1室1厅1卫,"1室1厅1卫,40O,南向,精装修",距5号线高桥南地铁站步行1381m,1500元/月
中建信和城 3室1厅1卫,"3室1厅3卫,98O,南向,精装修",,2450元/月
波隆城市花园 3室2厅2卫,"3室2厅3卫,113O,南向,简单装修",距磁浮快线磁浮榔梨地铁站步行1942m,2300元/月
香颂国际 1室厅1卫,"1室1卫,52O,南向,精装修",,1450元/月
长房东旭国际 1室0厅1卫,"1室1卫,30O,南向,精装修",距4号线粟塘地铁站步行814m,999元/月
明发国际城 1室0厅1卫,"1室1卫,107O,南向,精装修",距4号线月亮岛西地铁站步行868m,798元/月
茶山馨苑 2室1厅1卫,"2室1厅2卫,80O,北向,毛坯",,1800元/月
勤诚达境界城 4室2厅2卫,"4室2厅4卫,118O,南向,精装修",距4号线罐子岭地铁站步行510m,2500元/月
鑫远和城 1室1厅1卫,"1室1厅1卫,45O,南向,精装修",距1号线中信广场地铁站步行390m,1400元/月
浪琴湾小区 1室1厅1卫,"1室1厅1卫,50O,东向,简单装修",距2号线文化艺术中心地铁站步行897m,1100元/月
星沙四区 1室0厅1卫,"1室1卫,40O,南北向,精装修",距3号线星沙地铁站步行1322m,800元/月
华新花苑 3室2厅1卫,"3室2厅3卫,106O,南向,精装修",,1900元/月
三和家园 3室2厅1卫,"3室2厅3卫,113O,南向,简单装修",距2号线人民东路地铁站步行537m,2500元/月
电力职院单位房 3室2厅1卫,"3室2厅3卫,110O,南北向,简单装修",,1600元/月
和顺洋湖壹号 1室1厅1卫,"1室1厅1卫,52O,南向,精装修",距3号线洋湖新城地铁站步行702m,2000元/月
星沙一区 2室1厅1卫,"2室1厅2卫,60O,南向,精装修",,1200元/月
中国铁建国际城(二期) 3室2厅1卫,"3室2厅3卫,98O,南向,精装修",距3号线星沙文体中心地铁站步行1780m,2500元/月
高鑫麓城 3室2厅2卫,"3室2厅3卫,134O,南向,简单装修",距2号线金星路地铁站步行1610m,2800元/月
融科东南海 1室1厅1卫,"1室1厅1卫,31O,南向,精装修",距5号线木桥地铁站步行1534m,1450元/月
朝阳二村 2室1厅1卫,"2室1厅2卫,63.90O,南北向,精装修",距3号线朝阳村地铁站步行652m,1950元/月
达美D6区 1室1厅1卫,"1室1厅1卫,40O,南向,精装修",距2号线梅溪湖东地铁站步行594m,1650元/月
加州阳光西组团 3室1厅1卫,"3室1厅3卫,90O,南向",,2400元/月
神农茶都 1室1厅1卫,"1室1厅1卫,45O,北向,精装修",距5号线高桥北地铁站步行828m,900元/月
明发国际城 1室0厅1卫,"1室1卫,107O,南向,精装修",距4号线月亮岛西地铁站步行868m,797元/月
石岭小区A区 1室1厅1卫,"1室1厅1卫,35O,南向,精装修",距4号线观沙岭地铁站步行642m,1000元/月
湘江重建地 1室1厅1卫,"1室1厅1卫,45O,北向,精装修",距4号线湘江新城地铁站步行427m,850元/月
湘江重建地 1室1厅1卫,"1室1厅1卫,35O,北向",距4号线湘江新城地铁站步行427m,850元/月
天剑社区 2室1厅1卫,"2室1厅2卫,70O,南向,简单装修",距1号线南湖路地铁站步行794m,1700元/月
山语城(一期) 3室2厅2卫,"3室2厅3卫,126O,南向,精装修",,2400元/月
尊邸华庭 3室2厅2卫,"3室2厅3卫,107O,南向,精装修",距4号线树木岭地铁站步行802m,2600元/月
中航城国际社区(北区) 3室2厅2卫,"3室2厅3卫,113O,南向,精装修",距5号线毛竹塘地铁站步行1517m,2000元/月
春城佳苑 2室 1厅2卫,"2室1厅2卫,60O,南向",,850元/月
枫华府第 2室2厅1卫,"2室2厅2卫,83O,南向,简单装修",,1500元/月
黄荆小区 2室1厅1卫,"2室1厅2卫,85O,南向",距2号线麓云路地铁站步行720m,1800元/月
中建苹果公寓 1室1厅1卫,"1室1厅1卫,35O,南向,精装修",,1700元/月
楚天世纪城东苑 2室1厅1卫,"2室1厅2卫,90O,南向,精装修",,1700元/月
先锋水韵花都 1室1厅1卫,"1室1厅1卫,50O,南向,精装修",距1号线马厂地铁站步行586m,2000元/月
中建偶寓 1室1厅1卫,"1室1厅1卫,40O,南向,豪华装修",距1号线大托地铁站步行701m,1300元/月
鑫远和城 1室0厅1卫,"1室1卫,107O,南向,精装修",距1号线中信广场地铁站步行390m,900元/月
鸥波港湾 2室2厅2卫,"2室2厅2卫,71O,东南向,精装修",距1号线开福寺地铁站步行1892m,3200元/月
三王丽都 2室1厅1卫,"2室1厅2卫,65O,南向,精装修",距1号线黄兴广场地铁站步行572m,3200元/月
丽水佳园 3室2厅2卫,"3室2厅3卫,124O,南向,精装修",,1000元/月
凯富漫城 2室2厅1卫,"2室2厅2卫,89.75O,南北向,精装修",,1580元/月
长丰星城 2室1厅1卫,"2室1厅2卫,100O,南向,精装修",距5号线土桥地铁站步行1828m,1000元/月
恒基凯旋门(一二期) 3室2厅1卫,"3室2厅3卫,85O,东南向,精装修",距3号线松雅湖（南）地铁站步行478m,1808元/月
桔园小区 3室2厅1卫,"3室2厅3卫,110O,南北向,精装修",距4号线砂子塘地铁站步行1597m,2000元/月
生活艺术城 3室2厅2卫,"3室2厅3卫,100O,南北向,简单装修",距1号线桂花坪地铁站步行359m,1999元/月
都市先锋 1室0厅1卫,"1室1卫,88O,南向",距3号线烈士公园东地铁站步行148m,1150元/月
佳兆业天御 3室2厅2卫,"3室2厅3卫,110O,南向,精装修",距2号线梅溪湖西地铁站步行1485m,3000元/月
嘉湘华庭 3室2厅1卫,"3室2厅3卫,97O,南向,精装修",距4号线观沙岭地铁站步行751m,3000元/月
商贸城社区 3室2厅2卫,"3室2厅3卫,130O,北向,豪华装修",,1600元/月
鑫远悦城 1室0厅1卫,"1室1卫,108O,南向,精装修",距1号线大托地铁站步行829m,550元/月
塞纳公馆(楼) 1室1厅1卫,"1室1厅1卫,39O,西向,精装修",距1号线开福区政府地铁站步行1888m,1650元/月
勤诚达新界 3室 2厅1卫,"3室2厅3卫,94O,南向,简单装修",距4号线罐子岭地铁站步行522m,2000元/月
红星人才楼 2室1厅1卫,"2室1厅2卫,60O,东向",,850元/月
北辰三角洲E5区 1室1厅1卫,"1室1厅1卫,45O,南向,豪华装修",距1号线北辰三角洲地铁站步行800m,2500元/月
新城新世界 2室2厅1卫,"2室2厅2卫,92O,南向,精装修",距5号线高桥南地铁站步行1381m,2500元/月
华润凤凰城(一期) 3室1厅1卫,"3室1厅3卫,89O,南向",距3号线星沙地铁站步行824m,2500元/月
欧洲城 1室0厅1卫,"1室1卫,107O,南向,精装修",距1号线省政府地铁站步行1157m,1000元/月
四方嘉丽 1室1厅1卫,"1室1厅1卫,40O,南向,精装修",距3号线雅雀湖地铁站步行58m,1250元/月
红商小区 3室2厅2卫,"3室2厅3卫,100O,南向,精装修",距3号线四方坪地铁站步行748m,1850元/月
中建木莲工社 1室1厅1卫,"1室1厅1卫,45O,南向,精装修",,1450元/月
盛世耀凯 2室2厅1卫,"2室2厅2卫,89O,南向,精装修",,2000元/月
新城新世界 2室2厅1卫,"2室2厅2卫,92O,南向,精装修",距5号线高桥南地铁站步行1381m,2500元/月
润和滨江府(一期) 1室1厅1卫,"1室1厅1卫,40O,北向,精装修",距4号线月亮岛西地铁站步行587m,1500元/月
鑫天鑫城 3室2厅1卫,"3室2厅3卫,135.25O,南向",距4号线赤岗岭地铁站步行501m,2500元/月
山语城(三期) 2室2厅1卫,"2室2厅2卫,80O,南向,精装修",,1800元/月
恒生碧水龙庭 1室厅1卫,"1室1卫,50O,南向,精装修",距5号线毛竹塘地铁站步行1095m,800元/月
枫林二路256号小区 1室1厅1卫,"1室1厅1卫,65O,南向",距2号线金星路地铁站步行706m,1800元/月
一品嘉庭 2室1厅1卫,"2室1厅2卫,80O,南向,精装修",距3号线朝阳村地铁站步行1159m,2500元/月
澳海谷山府 2室1厅1卫,"2室1厅2卫,80O,南向,精装修",,1400元/月
杨家山卫生局宿舍 2室1厅1卫,"2室1厅2卫,67O,东向,简单装修",距2号线锦泰广场地铁站步行495m,1700元/月
诚兴园 2室2厅1卫,"2室2厅2卫,83O,南北向,精装修",,1900元/月
方略城市广场 2室1厅1卫,"2室1厅2卫,45O,南向,豪华装修",距3号线松雅湖（南）地铁站步行202m,1500元/月
怡海星城 1室1厅1卫,"1室1厅1卫,41O,南北向,精装修",,900元/月
同鑫家园 2室2厅1卫,"2室2厅2卫,85O,南向",距5号线马王堆地铁站步行1291m,1650元/月
中信城市广场 1室0厅1卫,"1室1卫,39O,东南向",距1号线中信广场地铁站步行1053m,1400元/月
升远君尚嘉筑 1室厅1卫,"1室1卫,160O,南北向,精装修",距1号线桂花坪地铁站步行1199m,1250元/月
同鑫家园 1室厅1卫,"1室1卫,45O,南向,豪华装修",距5号线马王堆地铁站步行1291m,1800元/月
城西公寓 1室0厅1卫,"1室1卫,38O,北向,精装修",距2号线望城坡地铁站步行951m,1100元/月
湘江世纪城咏江苑 1室0厅1卫,"1室1卫,109O,南向,精装修",距1号线开福区政府地铁站步行795m,897元/月
润和紫郡 1室1厅1卫,"1室1厅1卫,45O,南向,精装修",,1500元/月
北冲尾小区 1室0厅0卫,"1室,30O,南向",,650元/月
东风一村 2室1厅1卫,"2室1厅2卫,63O,南向,精装修",,1400元/月
石坝垅安置区 1室1厅1卫,"1室1厅1卫,55O,南向,简单装修",,700元/月
金桥国际 2室1厅1卫,"2室1厅2卫,58O,东向,简单装修",,1200元/月
中华岭村 2室1厅2卫,"2室1厅2卫,40O,北向,精装修",距4号线罐子岭地铁站步行1819m,920元/月
新塘垅小区(东区) 1室厅1卫,"1室1卫,60O,南向",距5号线高桥南地铁站步行611m,550元/月
兰亭湾畔(二期) 1室1厅1卫,"1室1厅1卫,125O,东向",距3号线阳光地铁站步行1596m,1300元/月
时代星城 2室1厅1卫,"2室1厅2卫,80O,南北向,精装修",,1600元/月
同鑫家园 1室1厅1卫,"1室1厅1卫,45O,南向,精装修",距5号线马王堆地铁站步行1291m,1600元/月
益安公寓 3室2厅2卫,"3室2厅3卫,121O,南向",,2200元/月
湘江重建地 1室1厅1卫,"1室1厅1卫,45O,南向",距4号线湘江新城地铁站步行427m,1200元/月
长沙玫瑰园 3室2厅1卫,"3室2厅3卫,110O,南向,简单装修",,1650元/月
石坝垅安置区 1室1厅1卫,"1室1厅1卫,55O,南向,简单装修",,700元/月
龙湖水晶郦城 3室2厅1卫,"3室2厅3卫,89O,南向,豪华装修",距4号线茶子山地铁站步行843m,3400元/月
铂宫家园 1室厅1卫,"1室1卫,40O,东向,豪华装修",距1号线培元桥地铁站步行752m,2200元/月
蝴蝶谷 1室1厅1卫,"1室1厅1卫,46O,南向",,1200元/月
绿地新都会 3室2厅2卫,"3室2厅3卫,107O,南向,精装修",,2300元/月
巴黎香榭 3室 2厅2卫,"3室2厅3卫,151O,西北向,精装修",距3号线侯家塘地铁站步行1010m,4800元/月
金峰园小区 2室1厅1卫,"2室1厅2卫,45O,南向",,1180元/月
扬帆小区 3室2厅1卫,"3室2厅3卫,130O,南向",距2号线人民东路地铁站步行820m,2000元/月
东屯渡建筑公司大楼 1室1厅1卫,"1室1厅1卫,50O,南向,精装修",距2号线万家丽广场地铁站步行498m,1300元/月
旭辉国际广场 3室2厅2卫,"3室2厅3卫,98O,南向,精装修",距5号线高桥南地铁站步行1997m,2700元/月
启迪协信中心 2室1厅1卫,"2室1厅2卫,67O,南向,豪华装修",距4号线茶子山地铁站步行466m,3200元/月
万科魅力之城 1室 1厅1卫,"1室1厅1卫,40O,北向,精装修",距4号线粟塘地铁站步行1864m,1400元/月
前程丽景 1室1厅1卫,"1室1厅1卫,32O,东向,简单装修",距2号线望城坡地铁站步行991m,1400元/月
车塘河小区 2室1厅1卫,"2室1厅2卫,80O,南向,简单装修",,950元/月
三印小区 2室1厅1卫,"2室1厅2卫,70O,南向,简单装修",距1号线铁道学院地铁站步行1570m,1380元/月
润泽园 2室1厅1卫,"2室1厅2卫,70O,南向,精装修",距2号线金星路地铁站步行1455m,1800元/月
龙湖湘江星座 1室1厅1卫,"1室1厅1卫,48O,南向,精装修",,1500元/月
楚天世纪城东苑 3室2厅1卫,"3室2厅3卫,92O,南北向,精装修",,1700元/月
东友星座 1室1厅1卫,"1室1厅1卫,47O,南向,精装修",距3号线东塘地铁站步行254m,2000元/月
长房云时代 1室0厅1卫,"1室1卫,109O,南向,精装修",,897元/月
新城和樾 1室1厅1卫,"1室1厅1卫,36O,南向,豪华装修",,1300元/月
望兴嘉年华 2室2厅1卫,"2室2厅2卫,84O,南向,精装修",距2号线梅溪湖东地铁站步行1329m,2200元/月
新城新世界 1室1厅1卫,"1室1厅1卫,48O,南向,精装修",距5号线高桥南地铁站步行1381m,1600元/月
花漾年华 2室1厅1卫,"2室1厅2卫,72O,南向,精装修",距1号线省政府地铁站步行1475m,2000元/月
柏家塘小区 2室2厅1卫,"2室2厅2卫,60O,南向,简单装修",距2号线文化艺术中心地铁站步行1482m,2000元/月
国中星城吉联小区 1室1厅1卫,"1室1厅1卫,51O,西南向,精装修",距4号线沙湾公园地铁站步行675m,1800元/月
麓谷小镇 3室2厅1卫,"3室2厅3卫,95O,南向",,2700元/月
长丰星城 1室1厅1卫,"1室1厅1卫,80O,南北向,精装修",距5号线土桥地铁站步行1828m,1000元/月
湘江世纪城咏江苑 1室0厅1卫,"1室1卫,107O,南向,精装修",距1号线开福区政府地铁站步行795m,947元/月
长丰星城 1室1厅1卫,"1室1厅1卫,125O,南向,精装修",距5号线土桥地铁站步行1828m,1000元/月
新大新大厦 1室1厅1卫,"1室1厅1卫,40O,南向,精装修",距2号线五一广场地铁站步行346m,1650元/月
达美D6区 3室2厅2卫,"3室2厅3卫,95O,南向,精装修",距2号线梅溪湖东地铁站步行594m,3200元/月
明发国际城 2室2厅1卫,"2室2厅2卫,95O,南向,精装修",距4号线月亮岛西地铁站步行868m,2000元/月
新城和樾 1室1厅1卫,"1室1厅1卫,36O,南向,精装修",,900元/月
河西望城坡商贸城 1室厅1卫,"1室1卫,30O,南北向,精装修",距2号线望城坡地铁站步行955m,650元/月
